Name,Email,BirthDate,Password,Phone
Lisa Leitner,lisa.leitner@example.com,22:5:1959,kZ8jRU3KFofs,06644996215
Daniel Mayer,daniel.mayer@example.com,28:3:1953,yi*s&denZvy1,06801912519
Lisa Moser,lisa.moser@example.com,19:11:1983,4sMOdNvOe#IE,06609512757
Anna Pichler,anna.pichler@example.com,13:1:1985,R5jurZoIT9ta,06762876718
Thomas Pichler,thomas.pichler@example.com,7:10:1962,pMa2fADgZXA@,06994801543
Thomas Pichler,thomas.pichler@example.com,2:7:1958,c$mxG&zqXlV^,06818089047
Lisa Leitner,lisa.leitner@example.com,27:8:1992,d5MMutRE%yT*,06768741312
Andreas Leitner,andreas.leitner@example.com,15:10:1984,^sl*hJq$xaBn,06608580997
Julia Hofer,julia.hofer@example.com,13:4:1982,(ZR%r9j1S&Y5,06608943497
Maria Moser,maria.moser@example.com,13:8:1954,TqL7WfC#q!rm,06504270805
Sarah Moser,sarah.moser@example.com,17:9:1997,lk)pydh^#Lja,06999807588
Michael Bauer,michael.bauer@example.com,21:4:1989,3!9FBbLsSxvY,06509558116
Andreas Hofer,andreas.hofer@example.com,27:6:1962,V*hEhoFo2t*T,06502141489
Julia Pichler,julia.pichler@example.com,1:5:1960,ORwJqUxA59By,06815477921
Anna Müller,anna.müller@example.com,26:2:1956,vj#bet!Qvzoj,06765379550
Andreas Leitner,andreas.leitner@example.com,14:2:1974,$J(sqirLMDJN,06767414372
Sarah Hofer,sarah.hofer@example.com,3:2:1969,lL5Ou(R1%tXv,06764395940
Thomas Wagner,thomas.wagner@example.com,4:1:1976,dDp#m4A$Tj7n,06764914052
Maria Mayer,maria.mayer@example.com,26:4:1963,L(RCTC8Z*Zd^,06805687704
Anna Wagner,anna.wagner@example.com,7:11:1954,RRPlNbJWgnZZ,06765782391
Markus Wagner,markus.wagner@example.com,24:4:1964,XfXO)c4K)q!N,06764823860
Thomas Hofer,thomas.hofer@example.com,24:1:1957,nU%BH#)foThV,06997020434
Markus Leitner,markus.leitner@example.com,18:3:1988,Xr(bNIhz9HFC,06811738489
Daniel Pichler,daniel.pichler@example.com,17:1:1968,bWRIPf(@SA*m,06992798155
Daniel Steiner,daniel.steiner@example.com,3:10:1995,Z&JB2do1nLtA,06603418571
Julia Steiner,julia.steiner@example.com,5:2:1982,hFyc)9Q%@I(g,06817234365
Daniel Bauer,daniel.bauer@example.com,25:1:1982,yaToBXSJ@4nl,06995306235
Daniel Moser,daniel.moser@example.com,7:1:1957,oT)y07@vrhxA,06507561592
Anna Bauer,anna.bauer@example.com,18:1:1958,jArkea7DQ@!W,06998931012
Maria Wagner,maria.wagner@example.com,12:7:1968,c#NyGUD1n6Im,06766773362
Daniel Müller,daniel.müller@example.com,20:10:1956,hVW0#6Nk%XTZ,06507757504
Andreas Leitner,andreas.leitner@example.com,27:8:1987,4on!XVpjmCiu,06603490243
Thomas Leitner,thomas.leitner@example.com,14:9:1955,QyzyeH0eFvOL,06994804589
Daniel Pichler,daniel.pichler@example.com,27:8:1992,UgwMQnh6g!LB,06801315589
Sarah Gruber,sarah.gruber@example.com,8:10:1965,0OtiA7p8Lnko,06817893286
Markus Mayer,markus.mayer@example.com,18:2:1987,J@2A49ibCeej,06816739861
Daniel Müller,daniel.müller@example.com,1:3:1974,g6W3qVjsxCHo,06804788925
Daniel Pichler,daniel.pichler@example.com,15:9:1986,MDG#GNFyNq#k,06502056193
Markus Wagner,markus.wagner@example.com,28:9:1959,!vMQ&58HEr)K,06992358295
Julia Moser,julia.moser@example.com,9:3:1965,ZgL5X5(*M#oO,06648712817
Thomas Bauer,thomas.bauer@example.com,22:10:1997,Z6DJFu0OI!Pd,06817524970
Maria Wagner,maria.wagner@example.com,8:7:1955,aFMfhwmN*c7$,06768981228
Thomas Steiner,thomas.steiner@example.com,13:8:1958,Ais8Jx58KbXk,06805013035
Julia Gruber,julia.gruber@example.com,25:11:1993,Iol4n6IPJjPR,06812835456
Michael Leitner,michael.leitner@example.com,28:8:1986,1pjxQLHJGJ4k,06818883544
Sarah Müller,sarah.müller@example.com,4:3:1958,S8iJbpfe5C97,06604427323
Andreas Pichler,andreas.pichler@example.com,23:8:1981,2ffjS5NMTN(h,06642597563
Daniel Gruber,daniel.gruber@example.com,9:3:2000,LblQ^RoQzYsc,06602151441
Lisa Leitner,lisa.leitner@example.com,21:4:1992,7E(c@1ICTmh8,06811807597
Sarah Gruber,sarah.gruber@example.com,26:3:1973,CbMzGV5O^WOr,06507282615
